[{
  "_id": {
    "$oid": "608fd23df05b5117f8d157fe"
  },
  "status": "complete",
  "date_created": {
    "$date": "2021-05-03T10:36:41.588Z"
  },
  "carts_ar": "[]",
  "total": 130.2,
  "user_id": "605b23c97b1e5c1254e294ea",
  "__v": 0
},{
  "_id": {
    "$oid": "608fd272f05b5117f8d157ff"
  },
  "status": "complete",
  "date_created": {
    "$date": "2021-05-03T10:36:41.588Z"
  },
  "carts_ar": "[{\"date_created\":\"2021-04-07T06:51:20.993Z\",\"_id\":\"606d57d5fe1bfd0b58cc15ad\",\"name\":\"Truck toy\",\"info\":\"Truck toy for kids\",\"img\":\"\",\"price\":70,\"qty\":99999,\"category_s_id\":3,\"tags\":\"truck, cars\",\"comments\":\"\",\"user_id\":\"605b23c97b1e5c1254e294ea\",\"s_id\":735989,\"__v\":0,\"count\":4},{\"date_created\":\"2021-04-07T06:51:20.993Z\",\"_id\":\"606d5751fe1bfd0b58cc15ac\",\"name\":\"burger mr ...\",\"info\":\"best burger in the world\",\"img\":\"\",\"price\":30,\"qty\":99999,\"category_s_id\":3,\"tags\":\"food , burger\",\"comments\":\"\",\"user_id\":\"605b23c97b1e5c1254e294ea\",\"s_id\":489383,\"__v\":0,\"count\":4},{\"date_created\":\"2021-05-03T06:25:35.609Z\",\"_id\":\"6080068847b5c62ca831770c\",\"name\":\"Apple Pie\",\"info\":\"Amazing pie!\",\"img\":\"https://images.pexels.com/photos/989704/pexels-photo-989704.jpeg?auto=compress&cs=tinysrgb&dpr=1&w=500\",\"price\":100.99,\"qty\":99999,\"category_s_id\":1,\"tags\":\"food, cake\",\"comments\":\"\",\"s_id\":299999,\"count\":3},{\"date_created\":\"2021-05-03T06:25:35.609Z\",\"_id\":\"6080068847b5c62ca8317709\",\"name\":\"Spiderman ...\",\"info\":\"He is very strong and much faster than koko!\",\"img\":\"https://images.pexels.com/photos/5691160/pexels-photo-5691160.jpeg?auto=compress&cs=tinysrgb&dpr=2&h=750&w=1260\",\"price\":100.99,\"qty\":99999,\"category_s_id\":3,\"tags\":\"spiderman, toy\",\"comments\":\"\",\"s_id\":295235,\"count\":6},{\"date_created\":\"2021-05-03T06:25:35.609Z\",\"_id\":\"6080068847b5c62ca831770a\",\"name\":\"Koko Toy\",\"info\":\"He is fast angry and a monkey\",\"img\":\"https://images.pexels.com/photos/4437556/pexels-photo-4437556.jpeg?auto=compress&cs=tinysrgb&dpr=2&h=750&w=1260\",\"price\":1000.99,\"qty\":99999,\"category_s_id\":3,\"tags\":\"koko, monkey, toy\",\"comments\":\"\",\"s_id\":295236,\"count\":4}]",
  "total": 5312.87,
  "user_id": "605b23c97b1e5c1254e294ea",
  "__v": 0
},{
  "_id": {
    "$oid": "608fd4c1f05b5117f8d15800"
  },
  "status": "pending",
  "date_created": {
    "$date": "2021-05-03T10:36:41.588Z"
  },
  "carts_ar": "[{\"date_created\":\"2021-04-07T06:51:20.993Z\",\"_id\":\"606d57d5fe1bfd0b58cc15ad\",\"name\":\"Truck toy\",\"info\":\"Truck toy for kids\",\"img\":\"\",\"price\":70,\"qty\":99999,\"category_s_id\":3,\"tags\":\"truck, cars\",\"comments\":\"\",\"user_id\":\"605b23c97b1e5c1254e294ea\",\"s_id\":735989,\"__v\":0,\"count\":4},{\"date_created\":\"2021-04-07T06:51:20.993Z\",\"_id\":\"606d5751fe1bfd0b58cc15ac\",\"name\":\"burger mr ...\",\"info\":\"best burger in the world\",\"img\":\"\",\"price\":30,\"qty\":99999,\"category_s_id\":3,\"tags\":\"food , burger\",\"comments\":\"\",\"user_id\":\"605b23c97b1e5c1254e294ea\",\"s_id\":489383,\"__v\":0,\"count\":4},{\"date_created\":\"2021-05-03T06:25:35.609Z\",\"_id\":\"6080068847b5c62ca831770c\",\"name\":\"Apple Pie\",\"info\":\"Amazing pie!\",\"img\":\"https://images.pexels.com/photos/989704/pexels-photo-989704.jpeg?auto=compress&cs=tinysrgb&dpr=1&w=500\",\"price\":100.99,\"qty\":99999,\"category_s_id\":1,\"tags\":\"food, cake\",\"comments\":\"\",\"s_id\":299999,\"count\":3},{\"date_created\":\"2021-05-03T06:25:35.609Z\",\"_id\":\"6080068847b5c62ca8317709\",\"name\":\"Spiderman ...\",\"info\":\"He is very strong and much faster than koko!\",\"img\":\"https://images.pexels.com/photos/5691160/pexels-photo-5691160.jpeg?auto=compress&cs=tinysrgb&dpr=2&h=750&w=1260\",\"price\":100.99,\"qty\":99999,\"category_s_id\":3,\"tags\":\"spiderman, toy\",\"comments\":\"\",\"s_id\":295235,\"count\":6},{\"date_created\":\"2021-05-03T06:25:35.609Z\",\"_id\":\"6080068847b5c62ca831770a\",\"name\":\"Koko Toy\",\"info\":\"He is fast angry and a monkey\",\"img\":\"https://images.pexels.com/photos/4437556/pexels-photo-4437556.jpeg?auto=compress&cs=tinysrgb&dpr=2&h=750&w=1260\",\"price\":1000.99,\"qty\":99999,\"category_s_id\":3,\"tags\":\"koko, monkey, toy\",\"comments\":\"\",\"s_id\":295236,\"count\":4}]",
  "total": 5312.87,
  "user_id": "605b23c97b1e5c1254e294ea",
  "__v": 0
}]