[{
  "_id": {
    "$oid": "6045dbe9569ba0249c486388"
  },
  "date_created": {
    "$date": "2021-03-08T08:08:29.649Z"
  },
  "q": "כמה ימים יש בחודש מרץ",
  "a1": "31",
  "a2": "30",
  "a3": "29",
  "a4": "28",
  "difficult": 2,
  "user_id": "603f8acfc92fbb43e0357279",
  "__v": 0
},{
  "_id": {
    "$oid": "6045dc363f411e0084bcff72"
  },
  "date_created": {
    "$date": "2021-03-08T08:10:49.684Z"
  },
  "q": "כמה ימים יש בחודש אפריל",
  "a1": "30",
  "a2": "31",
  "a3": "50",
  "a4": "29",
  "difficult": 2,
  "user_id": "603f8acfc92fbb43e0357280",
  "__v": 0
},{
  "_id": {
    "$oid": "6045e99a4d11d23e04a5026c"
  },
  "date_created": {
    "$date": "2021-03-08T09:03:29.190Z"
  },
  "q": "כמה ימים יש בחודש מאי",
  "a1": "31",
  "a2": "30",
  "a3": "29",
  "a4": "28",
  "difficult": 2,
  "user_id": "603f8acfc92fbb43e0357290",
  "__v": 0
},{
  "_id": {
    "$oid": "60462623c0ddbf41700e83ea"
  },
  "category": "general",
  "date_created": {
    "$date": "2021-03-08T13:26:56.791Z"
  },
  "q": "2+2",
  "a1": "4",
  "a2": "8",
  "a3": "7",
  "a4": "10",
  "difficult": 1,
  "img": "dsadsa",
  "user_id": "603f8acfc92fbb43e0357290",
  "__v": 0
},{
  "_id": {
    "$oid": "60487d89a2110f3db81d6a48"
  },
  "category": "countries",
  "date_created": {
    "$date": "2021-03-10T08:04:19.283Z"
  },
  "a1": "סידני",
  "a2": "פריז",
  "a3": "ברלין",
  "a4": "אתונה",
  "difficult": 5,
  "img": "",
  "q": "איפה הייתה אולמפיאדה 2004",
  "user_id": "603f8acfc92fbb43e0357290",
  "__v": 0
},{
  "_id": {
    "$oid": "60487f2c77f9771d0ce1b4d8"
  },
  "category": "countries",
  "date_created": {
    "$date": "2021-03-10T08:05:05.232Z"
  },
  "q": "איפה הייתה אולמפיאדה 1996",
  "a1": "ארצות הברית",
  "a2": "צרפת",
  "a3": "אוסטרליה",
  "a4": "ישראל",
  "difficult": 4,
  "img": "",
  "user_id": "603f8acfc92fbb43e0357290",
  "__v": 0
},{
  "_id": {
    "$oid": "60489717478e013cf80affc7"
  },
  "category": "js",
  "date_created": {
    "$date": "2021-03-10T09:39:34.450Z"
  },
  "q": "מתי הומצא NODEJS",
  "a1": "2009",
  "a2": "2020",
  "a3": "2016",
  "a4": "1999",
  "difficult": 3,
  "img": "",
  "user_id": "603f8acfc92fbb43e0357290",
  "__v": 0
},{
  "_id": {
    "$oid": "60489764478e013cf80affc8"
  },
  "category": "html",
  "date_created": {
    "$date": "2021-03-10T09:39:34.450Z"
  },
  "q": "מתי הומצא HTML",
  "a1": "1991",
  "a2": "1992",
  "a3": "1998",
  "a4": "2007",
  "difficult": 2,
  "img": "",
  "user_id": "603f8acfc92fbb43e0357290",
  "__v": 0
},{
  "_id": {
    "$oid": "6048977f478e013cf80affc9"
  },
  "category": "html",
  "date_created": {
    "$date": "2021-03-10T09:39:34.450Z"
  },
  "q": "מתי הומצא CSS",
  "a1": "1996",
  "a2": "1991",
  "a3": "2015",
  "a4": "2000",
  "difficult": 3,
  "img": "",
  "user_id": "603f8acfc92fbb43e0357290",
  "__v": 0
},{
  "_id": {
    "$oid": "604898bf37fc4346e873c3a6"
  },
  "category": "html",
  "date_created": {
    "$date": "2021-03-10T09:59:24.163Z"
  },
  "q": "מתי הומצא HTML5",
  "a1": "2009",
  "a2": "2006",
  "a3": "1991",
  "a4": "1999",
  "difficult": 3,
  "img": "",
  "user_id": "603f8acfc92fbb43e0357290",
  "__v": 0
},{
  "_id": {
    "$oid": "6048992537fc4346e873c3a7"
  },
  "category": "general",
  "date_created": {
    "$date": "2021-03-10T09:59:24.163Z"
  },
  "q": "בתקופת יוסף במצרים כמה זמן היה בצורת",
  "a1": "2",
  "a2": "7",
  "a3": "5",
  "a4": "4",
  "difficult": 7,
  "img": "",
  "user_id": "603f8acfc92fbb43e0357290",
  "__v": 0
},{
  "_id": {
    "$oid": "6048998437fc4346e873c3a8"
  },
  "category": "general",
  "date_created": {
    "$date": "2021-03-10T09:59:24.163Z"
  },
  "q": "מה המספר של מייקל ג'ורדון בחולצה",
  "a1": "23",
  "a2": "32",
  "a3": "99",
  "a4": "50",
  "difficult": 4,
  "img": "",
  "user_id": "603f8acfc92fbb43e0357290",
  "__v": 0
}]