[{
  "_id": {
    "$oid": "6045dbe9569ba0249c486388"
  },
  "date_created": {
    "$date": "2021-03-08T08:08:29.649Z"
  },
  "q": "כמה ימים יש בחודש מרץ",
  "a1": "31",
  "a2": "30",
  "a3": "29",
  "a4": "28",
  "difficult": 2,
  "user_id": "fass3212",
  "__v": 0
},{
  "_id": {
    "$oid": "6045dc363f411e0084bcff72"
  },
  "date_created": {
    "$date": "2021-03-08T08:10:49.684Z"
  },
  "q": "כמה ימים יש בחודש אפריל",
  "a1": "30",
  "a2": "31",
  "a3": "50",
  "a4": "29",
  "difficult": 2,
  "user_id": "fass3212",
  "__v": 0
},{
  "_id": {
    "$oid": "6045e99a4d11d23e04a5026c"
  },
  "date_created": {
    "$date": "2021-03-08T09:03:29.190Z"
  },
  "q": "כמה ימים יש בחודש מאי",
  "a1": "31",
  "a2": "30",
  "a3": "29",
  "a4": "28",
  "difficult": 2,
  "user_id": "603f8acfc92fbb43e0357290",
  "__v": 0
}]