[
    {
        "name": "Spiderman Action Figure",
        "info": "He is very strong and much faster than koko!",
        "img": "https://images.pexels.com/photos/5691160/pexels-photo-5691160.jpeg?auto=compress&cs=tinysrgb&dpr=2&h=750&w=1260",
        "price": 100.99,
        "qty": 99999,
        "category_s_id": 3,
        "tags": "spiderman, toy",
        "comments": ""
    },
    {
        "name": "Koko Toy",
        "info": "He is fast angry and a monkey",
        "img": "https://images.pexels.com/photos/4437556/pexels-photo-4437556.jpeg?auto=compress&cs=tinysrgb&dpr=2&h=750&w=1260",
        "price": 1000.99,
        "qty": 99999,
        "category_s_id": 3,
        "tags": "koko, monkey, toy",
        "comments": ""
    },

    {
        "name": "Chocolate Cake",
        "info": "Amazing cake!",
        "img": "https://images.pexels.com/photos/132694/pexels-photo-132694.jpeg?auto=compress&cs=tinysrgb&dpr=2&h=750&w=1260",
        "price": 100.99,
        "qty": 99999,
        "category_s_id": 1,
        "tags": "food, cake",
        "comments": ""
    },

    {
        "name": "Apple Pie",
        "info": "Amazing pie!",
        "img": "https://images.pexels.com/photos/989704/pexels-photo-989704.jpeg?auto=compress&cs=tinysrgb&dpr=1&w=500",
        "price": 100.99,
        "qty": 99999,
        "category_s_id": 1,
        "tags": "food, cake",
        "comments": ""
    }, 

    {
        "name": "Vannila Dessert",
        "info": "Amazing!! So gooodd",
        "img": "https://images.pexels.com/photos/161420/ice-cream-cone-melting-hot-ice-cream-scoop-161420.jpeg?auto=compress&cs=tinysrgb&dpr=2&h=750&w=1260",
        "price": 79.99,
        "qty": 99999,
        "category_s_id": 1,
        "tags": "food, cake",
        "comments": ""
    }

]